image_url,title,description,link,board
"https://30yearweather.com/pinterest/abu-dhabi.png?v=2","Best Time to Visit Abu Dhabi - 30 Year Weather Analysis","Planning a Abu Dhabi trip? Based on 30 years of NASA data:\nâœ¨ Best: January & February\nğŸŒ¡ï¸ 18-25Â°C\nğŸŒ§ï¸ 2% rain\n\n#abudhabi #besttimetovisit #travelplanning","https://30yearweather.com/abu-dhabi?utm_source=pinterest&utm_medium=pin&utm_campaign=bulk","Best Time to Visit - Middle East"
"https://30yearweather.com/pinterest/almaty.png?v=2","Best Time to Visit Almaty - 30 Year Weather Analysis","Planning a Almaty trip? Based on 30 years of NASA data:\nâœ¨ Best: July & August\nğŸŒ¡ï¸ 23-29Â°C\nğŸŒ§ï¸ 8% rain\n\n#almaty #besttimetovisit #travelplanning","https://30yearweather.com/almaty?utm_source=pinterest&utm_medium=pin&utm_campaign=bulk","Best Time to Visit - Asia"
"https://30yearweather.com/pinterest/amsterdam.png?v=2","Best Time to Visit Amsterdam - 30 Year Weather Analysis","Planning a Amsterdam trip? Based on 30 years of NASA data:\nâœ¨ Best: June & August\nğŸŒ¡ï¸ 15-21Â°C\nğŸŒ§ï¸ 28% rain\n\n#amsterdam #besttimetovisit #travelplanning","https://30yearweather.com/amsterdam?utm_source=pinterest&utm_medium=pin&utm_campaign=bulk","Best Time to Visit - Europe"
"https://30yearweather.com/pinterest/athens.png?v=2","Best Time to Visit Athens - 30 Year Weather Analysis","Planning a Athens trip? Based on 30 years of NASA data:\nâœ¨ Best: May & October\nğŸŒ¡ï¸ 18-26Â°C\nğŸŒ§ï¸ 9% rain\n\n#athens #besttimetovisit #travelplanning","https://30yearweather.com/athens?utm_source=pinterest&utm_medium=pin&utm_campaign=bulk","Best Time to Visit - Europe"
"https://30yearweather.com/pinterest/auckland.png?v=2","Best Time to Visit Auckland - 30 Year Weather Analysis","Planning a Auckland trip? Based on 30 years of NASA data:\nâœ¨ Best: March & February\nğŸŒ¡ï¸ 16-23Â°C\nğŸŒ§ï¸ 19% rain\n\n#auckland #besttimetovisit #travelplanning","https://30yearweather.com/auckland?utm_source=pinterest&utm_medium=pin&utm_campaign=bulk","Best Time to Visit - Oceania"
"https://30yearweather.com/pinterest/bali.png?v=2","Best Time to Visit Bali - 30 Year Weather Analysis","Planning a Bali trip? Based on 30 years of NASA data:\nâœ¨ Best: August & July\nğŸŒ¡ï¸ 21-27Â°C\nğŸŒ§ï¸ 14% rain\n\n#bali #besttimetovisit #travelplanning","https://30yearweather.com/bali?utm_source=pinterest&utm_medium=pin&utm_campaign=bulk","Best Time to Visit - Asia"
"https://30yearweather.com/pinterest/bangkok.png?v=2","Best Time to Visit Bangkok - 30 Year Weather Analysis","Planning a Bangkok trip? Based on 30 years of NASA data:\nâœ¨ Best: December & January\nğŸŒ¡ï¸ 26-31Â°C\nğŸŒ§ï¸ 4% rain\n\n#bangkok #besttimetovisit #travelplanning","https://30yearweather.com/bangkok?utm_source=pinterest&utm_medium=pin&utm_campaign=bulk","Best Time to Visit - Asia"
"https://30yearweather.com/pinterest/barcelona.png?v=2","Best Time to Visit Barcelona - 30 Year Weather Analysis","Planning a Barcelona trip? Based on 30 years of NASA data:\nâœ¨ Best: July & June\nğŸŒ¡ï¸ 20-28Â°C\nğŸŒ§ï¸ 10% rain\n\n#barcelona #besttimetovisit #travelplanning","https://30yearweather.com/barcelona?utm_source=pinterest&utm_medium=pin&utm_campaign=bulk","Best Time to Visit - Europe"
"https://30yearweather.com/pinterest/beijing.png?v=2","Best Time to Visit Beijing - 30 Year Weather Analysis","Planning a Beijing trip? Based on 30 years of NASA data:\nâœ¨ Best: September & May\nğŸŒ¡ï¸ 21-28Â°C\nğŸŒ§ï¸ 12% rain\n\n#beijing #besttimetovisit #travelplanning","https://30yearweather.com/beijing?utm_source=pinterest&utm_medium=pin&utm_campaign=bulk","Best Time to Visit - Asia"
"https://30yearweather.com/pinterest/berlin.png?v=2","Best Time to Visit Berlin - 30 Year Weather Analysis","Planning a Berlin trip? Based on 30 years of NASA data:\nâœ¨ Best: August & June\nğŸŒ¡ï¸ 18-24Â°C\nğŸŒ§ï¸ 21% rain\n\n#berlin #besttimetovisit #travelplanning","https://30yearweather.com/berlin?utm_source=pinterest&utm_medium=pin&utm_campaign=bulk","Best Time to Visit - Europe"
"https://30yearweather.com/pinterest/bogota.png?v=2","Best Time to Visit Bogota - 30 Year Weather Analysis","Planning a Bogota trip? Based on 30 years of NASA data:\nâœ¨ Best: January & September\nğŸŒ¡ï¸ 15-20Â°C\nğŸŒ§ï¸ 44% rain\n\n#bogota #besttimetovisit #travelplanning","https://30yearweather.com/bogota?utm_source=pinterest&utm_medium=pin&utm_campaign=bulk","Best Time to Visit - Americas"
"https://30yearweather.com/pinterest/bora-bora.png?v=2","Best Time to Visit Bora Bora - 30 Year Weather Analysis","Planning a Bora Bora trip? Based on 30 years of NASA data:\nâœ¨ Best: August & July\nğŸŒ¡ï¸ 18-23Â°C\nğŸŒ§ï¸ 16% rain\n\n#borabora #besttimetovisit #travelplanning","https://30yearweather.com/bora-bora?utm_source=pinterest&utm_medium=pin&utm_campaign=bulk","Best Time to Visit - Oceania"
"https://30yearweather.com/pinterest/boston.png?v=2","Best Time to Visit Boston - 30 Year Weather Analysis","Planning a Boston trip? Based on 30 years of NASA data:\nâœ¨ Best: September & August\nğŸŒ¡ï¸ 18-27Â°C\nğŸŒ§ï¸ 23% rain\n\n#boston #besttimetovisit #travelplanning","https://30yearweather.com/boston?utm_source=pinterest&utm_medium=pin&utm_campaign=bulk","Best Time to Visit - Americas"
"https://30yearweather.com/pinterest/bratislava.png?v=2","Best Time to Visit Bratislava - 30 Year Weather Analysis","Planning a Bratislava trip? Based on 30 years of NASA data:\nâœ¨ Best: August & September\nğŸŒ¡ï¸ 16-26Â°C\nğŸŒ§ï¸ 20% rain\n\n#bratislava #besttimetovisit #travelplanning","https://30yearweather.com/bratislava?utm_source=pinterest&utm_medium=pin&utm_campaign=bulk","Best Time to Visit - Europe"
"https://30yearweather.com/pinterest/brisbane.png?v=2","Best Time to Visit Brisbane - 30 Year Weather Analysis","Planning a Brisbane trip? Based on 30 years of NASA data:\nâœ¨ Best: August & September\nğŸŒ¡ï¸ 17-25Â°C\nğŸŒ§ï¸ 11% rain\n\n#brisbane #besttimetovisit #travelplanning","https://30yearweather.com/brisbane?utm_source=pinterest&utm_medium=pin&utm_campaign=bulk","Best Time to Visit - Oceania"
"https://30yearweather.com/pinterest/brussels.png?v=2","Best Time to Visit Brussels - 30 Year Weather Analysis","Planning a Brussels trip? Based on 30 years of NASA data:\nâœ¨ Best: August & June\nğŸŒ¡ï¸ 17-23Â°C\nğŸŒ§ï¸ 25% rain\n\n#brussels #besttimetovisit #travelplanning","https://30yearweather.com/brussels?utm_source=pinterest&utm_medium=pin&utm_campaign=bulk","Best Time to Visit - Europe"
"https://30yearweather.com/pinterest/budapest.png?v=2","Best Time to Visit Budapest - 30 Year Weather Analysis","Planning a Budapest trip? Based on 30 years of NASA data:\nâœ¨ Best: September & August\nğŸŒ¡ï¸ 17-28Â°C\nğŸŒ§ï¸ 19% rain\n\n#budapest #besttimetovisit #travelplanning","https://30yearweather.com/budapest?utm_source=pinterest&utm_medium=pin&utm_campaign=bulk","Best Time to Visit - Europe"
"https://30yearweather.com/pinterest/buenos-aires.png?v=2","Best Time to Visit Buenos Aires - 30 Year Weather Analysis","Planning a Buenos Aires trip? Based on 30 years of NASA data:\nâœ¨ Best: April & March\nğŸŒ¡ï¸ 16-25Â°C\nğŸŒ§ï¸ 20% rain\n\n#buenosaires #besttimetovisit #travelplanning","https://30yearweather.com/buenos-aires?utm_source=pinterest&utm_medium=pin&utm_campaign=bulk","Best Time to Visit - Americas"
"https://30yearweather.com/pinterest/busan.png?v=2","Best Time to Visit Busan - 30 Year Weather Analysis","Planning a Busan trip? Based on 30 years of NASA data:\nâœ¨ Best: October & May\nğŸŒ¡ï¸ 16-21Â°C\nğŸŒ§ï¸ 17% rain\n\n#busan #besttimetovisit #travelplanning","https://30yearweather.com/busan?utm_source=pinterest&utm_medium=pin&utm_campaign=bulk","Best Time to Visit - Asia"
"https://30yearweather.com/pinterest/cairo.png?v=2","Best Time to Visit Cairo - 30 Year Weather Analysis","Planning a Cairo trip? Based on 30 years of NASA data:\nâœ¨ Best: January & February\nğŸŒ¡ï¸ 15-21Â°C\nğŸŒ§ï¸ 1% rain\n\n#cairo #besttimetovisit #travelplanning","https://30yearweather.com/cairo?utm_source=pinterest&utm_medium=pin&utm_campaign=bulk","Best Time to Visit - Middle East"
"https://30yearweather.com/pinterest/calgary.png?v=2","Best Time to Visit Calgary - 30 Year Weather Analysis","Planning a Calgary trip? Based on 30 years of NASA data:\nâœ¨ Best: August & July\nğŸŒ¡ï¸ 18-23Â°C\nğŸŒ§ï¸ 20% rain\n\n#calgary #besttimetovisit #travelplanning","https://30yearweather.com/calgary?utm_source=pinterest&utm_medium=pin&utm_campaign=bulk","Best Time to Visit - Americas"
"https://30yearweather.com/pinterest/cancun.png?v=2","Best Time to Visit Cancun - 30 Year Weather Analysis","Planning a Cancun trip? Based on 30 years of NASA data:\nâœ¨ Best: March & April\nğŸŒ¡ï¸ 22-29Â°C\nğŸŒ§ï¸ 10% rain\n\n#cancun #besttimetovisit #travelplanning","https://30yearweather.com/cancun?utm_source=pinterest&utm_medium=pin&utm_campaign=bulk","Best Time to Visit - Americas"
"https://30yearweather.com/pinterest/cape-town.png?v=2","Best Time to Visit Cape Town - 30 Year Weather Analysis","Planning a Cape Town trip? Based on 30 years of NASA data:\nâœ¨ Best: October & March\nğŸŒ¡ï¸ 17-25Â°C\nğŸŒ§ï¸ 8% rain\n\n#capetown #besttimetovisit #travelplanning","https://30yearweather.com/cape-town?utm_source=pinterest&utm_medium=pin&utm_campaign=bulk","Best Time to Visit - Africa"
"https://30yearweather.com/pinterest/cartagena.png?v=2","Best Time to Visit Cartagena - 30 Year Weather Analysis","Planning a Cartagena trip? Based on 30 years of NASA data:\nâœ¨ Best: January & December\nğŸŒ¡ï¸ 25-31Â°C\nğŸŒ§ï¸ 14% rain\n\n#cartagena #besttimetovisit #travelplanning","https://30yearweather.com/cartagena?utm_source=pinterest&utm_medium=pin&utm_campaign=bulk","Best Time to Visit - Americas"
"https://30yearweather.com/pinterest/casablanca.png?v=2","Best Time to Visit Casablanca - 30 Year Weather Analysis","Planning a Casablanca trip? Based on 30 years of NASA data:\nâœ¨ Best: May & June\nğŸŒ¡ï¸ 19-26Â°C\nğŸŒ§ï¸ 3% rain\n\n#casablanca #besttimetovisit #travelplanning","https://30yearweather.com/casablanca?utm_source=pinterest&utm_medium=pin&utm_campaign=bulk","Best Time to Visit - Middle East"
"https://30yearweather.com/pinterest/chengdu.png?v=2","Best Time to Visit Chengdu - 30 Year Weather Analysis","Planning a Chengdu trip? Based on 30 years of NASA data:\nâœ¨ Best: November & March\nğŸŒ¡ï¸ 11-18Â°C\nğŸŒ§ï¸ 11% rain\n\n#chengdu #besttimetovisit #travelplanning","https://30yearweather.com/chengdu?utm_source=pinterest&utm_medium=pin&utm_campaign=bulk","Best Time to Visit - Asia"
"https://30yearweather.com/pinterest/chiang-mai.png?v=2","Best Time to Visit Chiang Mai - 30 Year Weather Analysis","Planning a Chiang Mai trip? Based on 30 years of NASA data:\nâœ¨ Best: January & December\nğŸŒ¡ï¸ 22-28Â°C\nğŸŒ§ï¸ 4% rain\n\n#chiangmai #besttimetovisit #travelplanning","https://30yearweather.com/chiang-mai?utm_source=pinterest&utm_medium=pin&utm_campaign=bulk","Best Time to Visit - Asia"
"https://30yearweather.com/pinterest/chicago.png?v=2","Best Time to Visit Chicago - 30 Year Weather Analysis","Planning a Chicago trip? Based on 30 years of NASA data:\nâœ¨ Best: September & August\nğŸŒ¡ï¸ 18-26Â°C\nğŸŒ§ï¸ 23% rain\n\n#chicago #besttimetovisit #travelplanning","https://30yearweather.com/chicago?utm_source=pinterest&utm_medium=pin&utm_campaign=bulk","Best Time to Visit - Americas"
"https://30yearweather.com/pinterest/christchurch.png?v=2","Best Time to Visit Christchurch - 30 Year Weather Analysis","Planning a Christchurch trip? Based on 30 years of NASA data:\nâœ¨ Best: February & January\nğŸŒ¡ï¸ 16-21Â°C\nğŸŒ§ï¸ 15% rain\n\n#christchurch #besttimetovisit #travelplanning","https://30yearweather.com/christchurch?utm_source=pinterest&utm_medium=pin&utm_campaign=bulk","Best Time to Visit - Oceania"
"https://30yearweather.com/pinterest/copenhagen.png?v=2","Best Time to Visit Copenhagen - 30 Year Weather Analysis","Planning a Copenhagen trip? Based on 30 years of NASA data:\nâœ¨ Best: August & July\nğŸŒ¡ï¸ 15-21Â°C\nğŸŒ§ï¸ 26% rain\n\n#copenhagen #besttimetovisit #travelplanning","https://30yearweather.com/copenhagen?utm_source=pinterest&utm_medium=pin&utm_campaign=bulk","Best Time to Visit - Europe"
"https://30yearweather.com/pinterest/cusco.png?v=2","Best Time to Visit Cusco - 30 Year Weather Analysis","Planning a Cusco trip? Based on 30 years of NASA data:\nâœ¨ Best: June & July\nğŸŒ¡ï¸ 11-16Â°C\nğŸŒ§ï¸ 26% rain\n\n#cusco #besttimetovisit #travelplanning","https://30yearweather.com/cusco?utm_source=pinterest&utm_medium=pin&utm_campaign=bulk","Best Time to Visit - Americas"
"https://30yearweather.com/pinterest/doha.png?v=2","Best Time to Visit Doha - 30 Year Weather Analysis","Planning a Doha trip? Based on 30 years of NASA data:\nâœ¨ Best: January & December\nğŸŒ¡ï¸ 17-24Â°C\nğŸŒ§ï¸ 4% rain\n\n#doha #besttimetovisit #travelplanning","https://30yearweather.com/doha?utm_source=pinterest&utm_medium=pin&utm_campaign=bulk","Best Time to Visit - Middle East"
"https://30yearweather.com/pinterest/dubai.png?v=2","Best Time to Visit Dubai - 30 Year Weather Analysis","Planning a Dubai trip? Based on 30 years of NASA data:\nâœ¨ Best: January & February\nğŸŒ¡ï¸ 19-25Â°C\nğŸŒ§ï¸ 4% rain\n\n#dubai #besttimetovisit #travelplanning","https://30yearweather.com/dubai?utm_source=pinterest&utm_medium=pin&utm_campaign=bulk","Best Time to Visit - Middle East"
"https://30yearweather.com/pinterest/dublin.png?v=2","Best Time to Visit Dublin - 30 Year Weather Analysis","Planning a Dublin trip? Based on 30 years of NASA data:\nâœ¨ Best: August & July\nğŸŒ¡ï¸ 14-19Â°C\nğŸŒ§ï¸ 28% rain\n\n#dublin #besttimetovisit #travelplanning","https://30yearweather.com/dublin?utm_source=pinterest&utm_medium=pin&utm_campaign=bulk","Best Time to Visit - Europe"
"https://30yearweather.com/pinterest/dubrovnik.png?v=2","Best Time to Visit Dubrovnik - 30 Year Weather Analysis","Planning a Dubrovnik trip? Based on 30 years of NASA data:\nâœ¨ Best: July & August\nğŸŒ¡ï¸ 24-29Â°C\nğŸŒ§ï¸ 10% rain\n\n#dubrovnik #besttimetovisit #travelplanning","https://30yearweather.com/dubrovnik?utm_source=pinterest&utm_medium=pin&utm_campaign=bulk","Best Time to Visit - Europe"
"https://30yearweather.com/pinterest/edinburgh.png?v=2","Best Time to Visit Edinburgh - 30 Year Weather Analysis","Planning a Edinburgh trip? Based on 30 years of NASA data:\nâœ¨ Best: August & July\nğŸŒ¡ï¸ 13-18Â°C\nğŸŒ§ï¸ 30% rain\n\n#edinburgh #besttimetovisit #travelplanning","https://30yearweather.com/edinburgh?utm_source=pinterest&utm_medium=pin&utm_campaign=bulk","Best Time to Visit - Europe"
"https://30yearweather.com/pinterest/fukuoka.png?v=2","Best Time to Visit Fukuoka - 30 Year Weather Analysis","Planning a Fukuoka trip? Based on 30 years of NASA data:\nâœ¨ Best: October & May\nğŸŒ¡ï¸ 18-23Â°C\nğŸŒ§ï¸ 24% rain\n\n#fukuoka #besttimetovisit #travelplanning","https://30yearweather.com/fukuoka?utm_source=pinterest&utm_medium=pin&utm_campaign=bulk","Best Time to Visit - Asia"
"https://30yearweather.com/pinterest/hamburg.png?v=2","Best Time to Visit Hamburg - 30 Year Weather Analysis","Planning a Hamburg trip? Based on 30 years of NASA data:\nâœ¨ Best: August & June\nğŸŒ¡ï¸ 16-23Â°C\nğŸŒ§ï¸ 27% rain\n\n#hamburg #besttimetovisit #travelplanning","https://30yearweather.com/hamburg?utm_source=pinterest&utm_medium=pin&utm_campaign=bulk","Best Time to Visit - Europe"
"https://30yearweather.com/pinterest/hanoi.png?v=2","Best Time to Visit Hanoi - 30 Year Weather Analysis","Planning a Hanoi trip? Based on 30 years of NASA data:\nâœ¨ Best: December & November\nğŸŒ¡ï¸ 16-26Â°C\nğŸŒ§ï¸ 13% rain\n\n#hanoi #besttimetovisit #travelplanning","https://30yearweather.com/hanoi?utm_source=pinterest&utm_medium=pin&utm_campaign=bulk","Best Time to Visit - Asia"
"https://30yearweather.com/pinterest/helsinki.png?v=2","Best Time to Visit Helsinki - 30 Year Weather Analysis","Planning a Helsinki trip? Based on 30 years of NASA data:\nâœ¨ Best: July & August\nğŸŒ¡ï¸ 14-20Â°C\nğŸŒ§ï¸ 28% rain\n\n#helsinki #besttimetovisit #travelplanning","https://30yearweather.com/helsinki?utm_source=pinterest&utm_medium=pin&utm_campaign=bulk","Best Time to Visit - Europe"
"https://30yearweather.com/pinterest/ho-chi-minh.png?v=2","Best Time to Visit Ho Chi Minh - 30 Year Weather Analysis","Planning a Ho Chi Minh trip? Based on 30 years of NASA data:\nâœ¨ Best: January & December\nğŸŒ¡ï¸ 26-32Â°C\nğŸŒ§ï¸ 14% rain\n\n#hochiminh #besttimetovisit #travelplanning","https://30yearweather.com/ho-chi-minh?utm_source=pinterest&utm_medium=pin&utm_campaign=bulk","Best Time to Visit - Asia"
"https://30yearweather.com/pinterest/hong-kong.png?v=2","Best Time to Visit Hong Kong - 30 Year Weather Analysis","Planning a Hong Kong trip? Based on 30 years of NASA data:\nâœ¨ Best: December & November\nğŸŒ¡ï¸ 15-24Â°C\nğŸŒ§ï¸ 11% rain\n\n#hongkong #besttimetovisit #travelplanning","https://30yearweather.com/hong-kong?utm_source=pinterest&utm_medium=pin&utm_campaign=bulk","Best Time to Visit - Asia"
"https://30yearweather.com/pinterest/honolulu.png?v=2","Best Time to Visit Honolulu - 30 Year Weather Analysis","Planning a Honolulu trip? Based on 30 years of NASA data:\nâœ¨ Best: June & September\nğŸŒ¡ï¸ 23-29Â°C\nğŸŒ§ï¸ 5% rain\n\n#honolulu #besttimetovisit #travelplanning","https://30yearweather.com/honolulu?utm_source=pinterest&utm_medium=pin&utm_campaign=bulk","Best Time to Visit - Americas"
"https://30yearweather.com/pinterest/innsbruck.png?v=2","Best Time to Visit Innsbruck - 30 Year Weather Analysis","Planning a Innsbruck trip? Based on 30 years of NASA data:\nâœ¨ Best: September & August\nğŸŒ¡ï¸ 15-24Â°C\nğŸŒ§ï¸ 42% rain\n\n#innsbruck #besttimetovisit #travelplanning","https://30yearweather.com/innsbruck?utm_source=pinterest&utm_medium=pin&utm_campaign=bulk","Best Time to Visit - Europe"
"https://30yearweather.com/pinterest/interlaken.png?v=2","Best Time to Visit Interlaken - 30 Year Weather Analysis","Planning a Interlaken trip? Based on 30 years of NASA data:\nâœ¨ Best: August & June\nğŸŒ¡ï¸ 17-23Â°C\nğŸŒ§ï¸ 36% rain\n\n#interlaken #besttimetovisit #travelplanning","https://30yearweather.com/interlaken?utm_source=pinterest&utm_medium=pin&utm_campaign=bulk","Best Time to Visit - Europe"
"https://30yearweather.com/pinterest/istanbul.png?v=2","Best Time to Visit Istanbul - 30 Year Weather Analysis","Planning a Istanbul trip? Based on 30 years of NASA data:\nâœ¨ Best: July & August\nğŸŒ¡ï¸ 24-29Â°C\nğŸŒ§ï¸ 6% rain\n\n#istanbul #besttimetovisit #travelplanning","https://30yearweather.com/istanbul?utm_source=pinterest&utm_medium=pin&utm_campaign=bulk","Best Time to Visit - Europe"
"https://30yearweather.com/pinterest/jakarta.png?v=2","Best Time to Visit Jakarta - 30 Year Weather Analysis","Planning a Jakarta trip? Based on 30 years of NASA data:\nâœ¨ Best: August & September\nğŸŒ¡ï¸ 27-32Â°C\nğŸŒ§ï¸ 24% rain\n\n#jakarta #besttimetovisit #travelplanning","https://30yearweather.com/jakarta?utm_source=pinterest&utm_medium=pin&utm_campaign=bulk","Best Time to Visit - Asia"
"https://30yearweather.com/pinterest/kathmandu.png?v=2","Best Time to Visit Kathmandu - 30 Year Weather Analysis","Planning a Kathmandu trip? Based on 30 years of NASA data:\nâœ¨ Best: November & March\nğŸŒ¡ï¸ 15-21Â°C\nğŸŒ§ï¸ 10% rain\n\n#kathmandu #besttimetovisit #travelplanning","https://30yearweather.com/kathmandu?utm_source=pinterest&utm_medium=pin&utm_campaign=bulk","Best Time to Visit - Asia"
"https://30yearweather.com/pinterest/krakow.png?v=2","Best Time to Visit Krakow - 30 Year Weather Analysis","Planning a Krakow trip? Based on 30 years of NASA data:\nâœ¨ Best: August & June\nğŸŒ¡ï¸ 18-24Â°C\nğŸŒ§ï¸ 27% rain\n\n#krakow #besttimetovisit #travelplanning","https://30yearweather.com/krakow?utm_source=pinterest&utm_medium=pin&utm_campaign=bulk","Best Time to Visit - Europe"
"https://30yearweather.com/pinterest/kuala-lumpur.png?v=2","Best Time to Visit Kuala Lumpur - 30 Year Weather Analysis","Planning a Kuala Lumpur trip? Based on 30 years of NASA data:\nâœ¨ Best: July & February\nğŸŒ¡ï¸ 26-31Â°C\nğŸŒ§ï¸ 45% rain\n\n#kualalumpur #besttimetovisit #travelplanning","https://30yearweather.com/kuala-lumpur?utm_source=pinterest&utm_medium=pin&utm_campaign=bulk","Best Time to Visit - Asia"
"https://30yearweather.com/pinterest/kyoto.png?v=2","Best Time to Visit Kyoto - 30 Year Weather Analysis","Planning a Kyoto trip? Based on 30 years of NASA data:\nâœ¨ Best: October & May\nğŸŒ¡ï¸ 16-23Â°C\nğŸŒ§ï¸ 28% rain\n\n#kyoto #besttimetovisit #travelplanning","https://30yearweather.com/kyoto?utm_source=pinterest&utm_medium=pin&utm_campaign=bulk","Best Time to Visit - Asia"
"https://30yearweather.com/pinterest/las-palmas.png?v=2","Best Time to Visit Las Palmas - 30 Year Weather Analysis","Planning a Las Palmas trip? Based on 30 years of NASA data:\nâœ¨ Best: January & February\nğŸŒ¡ï¸ 15-20Â°C\nğŸŒ§ï¸ 5% rain\n\n#laspalmas #besttimetovisit #travelplanning","https://30yearweather.com/las-palmas?utm_source=pinterest&utm_medium=pin&utm_campaign=bulk","Best Time to Visit - Europe"
"https://30yearweather.com/pinterest/las-vegas.png?v=2","Best Time to Visit Las Vegas - 30 Year Weather Analysis","Planning a Las Vegas trip? Based on 30 years of NASA data:\nâœ¨ Best: April & October\nğŸŒ¡ï¸ 21-27Â°C\nğŸŒ§ï¸ 2% rain\n\n#lasvegas #besttimetovisit #travelplanning","https://30yearweather.com/las-vegas?utm_source=pinterest&utm_medium=pin&utm_campaign=bulk","Best Time to Visit - Americas"
"https://30yearweather.com/pinterest/lima.png?v=2","Best Time to Visit Lima - 30 Year Weather Analysis","Planning a Lima trip? Based on 30 years of NASA data:\nâœ¨ Best: April & May\nğŸŒ¡ï¸ 16-24Â°C\nğŸŒ§ï¸ 0% rain\n\n#lima #besttimetovisit #travelplanning","https://30yearweather.com/lima?utm_source=pinterest&utm_medium=pin&utm_campaign=bulk","Best Time to Visit - Americas"
"https://30yearweather.com/pinterest/lisbon.png?v=2","Best Time to Visit Lisbon - 30 Year Weather Analysis","Planning a Lisbon trip? Based on 30 years of NASA data:\nâœ¨ Best: June & July\nğŸŒ¡ï¸ 20-27Â°C\nğŸŒ§ï¸ 3% rain\n\n#lisbon #besttimetovisit #travelplanning","https://30yearweather.com/lisbon?utm_source=pinterest&utm_medium=pin&utm_campaign=bulk","Best Time to Visit - Europe"
"https://30yearweather.com/pinterest/london.png?v=2","Best Time to Visit London - 30 Year Weather Analysis","Planning a London trip? Based on 30 years of NASA data:\nâœ¨ Best: August & July\nğŸŒ¡ï¸ 17-22Â°C\nğŸŒ§ï¸ 20% rain\n\n#london #besttimetovisit #travelplanning","https://30yearweather.com/london?utm_source=pinterest&utm_medium=pin&utm_campaign=bulk","Best Time to Visit - Europe"
"https://30yearweather.com/pinterest/los-angeles.png?v=2","Best Time to Visit Los Angeles - 30 Year Weather Analysis","Planning a Los Angeles trip? Based on 30 years of NASA data:\nâœ¨ Best: April & May\nğŸŒ¡ï¸ 18-25Â°C\nğŸŒ§ï¸ 4% rain\n\n#losangeles #besttimetovisit #travelplanning","https://30yearweather.com/los-angeles?utm_source=pinterest&utm_medium=pin&utm_campaign=bulk","Best Time to Visit - Americas"
"https://30yearweather.com/pinterest/lyon.png?v=2","Best Time to Visit Lyon - 30 Year Weather Analysis","Planning a Lyon trip? Based on 30 years of NASA data:\nâœ¨ Best: July & August\nğŸŒ¡ï¸ 22-27Â°C\nğŸŒ§ï¸ 19% rain\n\n#lyon #besttimetovisit #travelplanning","https://30yearweather.com/lyon?utm_source=pinterest&utm_medium=pin&utm_campaign=bulk","Best Time to Visit - Europe"
"https://30yearweather.com/pinterest/madrid.png?v=2","Best Time to Visit Madrid - 30 Year Weather Analysis","Planning a Madrid trip? Based on 30 years of NASA data:\nâœ¨ Best: May & September\nğŸŒ¡ï¸ 18-26Â°C\nğŸŒ§ï¸ 11% rain\n\n#madrid #besttimetovisit #travelplanning","https://30yearweather.com/madrid?utm_source=pinterest&utm_medium=pin&utm_campaign=bulk","Best Time to Visit - Europe"
"https://30yearweather.com/pinterest/male.png?v=2","Best Time to Visit Male - 30 Year Weather Analysis","Planning a Male trip? Based on 30 years of NASA data:\nâœ¨ Best: February & March\nğŸŒ¡ï¸ 23-28Â°C\nğŸŒ§ï¸ 17% rain\n\n#male #besttimetovisit #travelplanning","https://30yearweather.com/male?utm_source=pinterest&utm_medium=pin&utm_campaign=bulk","Best Time to Visit - Asia"
"https://30yearweather.com/pinterest/manila.png?v=2","Best Time to Visit Manila - 30 Year Weather Analysis","Planning a Manila trip? Based on 30 years of NASA data:\nâœ¨ Best: January & March\nğŸŒ¡ï¸ 24-31Â°C\nğŸŒ§ï¸ 11% rain\n\n#manila #besttimetovisit #travelplanning","https://30yearweather.com/manila?utm_source=pinterest&utm_medium=pin&utm_campaign=bulk","Best Time to Visit - Asia"
"https://30yearweather.com/pinterest/marrakech.png?v=2","Best Time to Visit Marrakech - 30 Year Weather Analysis","Planning a Marrakech trip? Based on 30 years of NASA data:\nâœ¨ Best: April & May\nğŸŒ¡ï¸ 20-29Â°C\nğŸŒ§ï¸ 7% rain\n\n#marrakech #besttimetovisit #travelplanning","https://30yearweather.com/marrakech?utm_source=pinterest&utm_medium=pin&utm_campaign=bulk","Best Time to Visit - Middle East"
"https://30yearweather.com/pinterest/melbourne.png?v=2","Best Time to Visit Melbourne - 30 Year Weather Analysis","Planning a Melbourne trip? Based on 30 years of NASA data:\nâœ¨ Best: February & March\nğŸŒ¡ï¸ 19-26Â°C\nğŸŒ§ï¸ 12% rain\n\n#melbourne #besttimetovisit #travelplanning","https://30yearweather.com/melbourne?utm_source=pinterest&utm_medium=pin&utm_campaign=bulk","Best Time to Visit - Oceania"
"https://30yearweather.com/pinterest/mexico-city.png?v=2","Best Time to Visit Mexico City - 30 Year Weather Analysis","Planning a Mexico City trip? Based on 30 years of NASA data:\nâœ¨ Best: January & February\nğŸŒ¡ï¸ 16-23Â°C\nğŸŒ§ï¸ 3% rain\n\n#mexicocity #besttimetovisit #travelplanning","https://30yearweather.com/mexico-city?utm_source=pinterest&utm_medium=pin&utm_campaign=bulk","Best Time to Visit - Americas"
"https://30yearweather.com/pinterest/miami.png?v=2","Best Time to Visit Miami - 30 Year Weather Analysis","Planning a Miami trip? Based on 30 years of NASA data:\nâœ¨ Best: February & March\nğŸŒ¡ï¸ 20-26Â°C\nğŸŒ§ï¸ 16% rain\n\n#miami #besttimetovisit #travelplanning","https://30yearweather.com/miami?utm_source=pinterest&utm_medium=pin&utm_campaign=bulk","Best Time to Visit - Americas"
"https://30yearweather.com/pinterest/montego-bay.png?v=2","Best Time to Visit Montego Bay - 30 Year Weather Analysis","Planning a Montego Bay trip? Based on 30 years of NASA data:\nâœ¨ Best: January & February\nğŸŒ¡ï¸ 22-28Â°C\nğŸŒ§ï¸ 15% rain\n\n#montegobay #besttimetovisit #travelplanning","https://30yearweather.com/montego-bay?utm_source=pinterest&utm_medium=pin&utm_campaign=bulk","Best Time to Visit - Americas"
"https://30yearweather.com/pinterest/montreal.png?v=2","Best Time to Visit Montreal - 30 Year Weather Analysis","Planning a Montreal trip? Based on 30 years of NASA data:\nâœ¨ Best: September & August\nğŸŒ¡ï¸ 16-25Â°C\nğŸŒ§ï¸ 26% rain\n\n#montreal #besttimetovisit #travelplanning","https://30yearweather.com/montreal?utm_source=pinterest&utm_medium=pin&utm_campaign=bulk","Best Time to Visit - Americas"
"https://30yearweather.com/pinterest/mumbai.png?v=2","Best Time to Visit Mumbai - 30 Year Weather Analysis","Planning a Mumbai trip? Based on 30 years of NASA data:\nâœ¨ Best: January & December\nğŸŒ¡ï¸ 25-31Â°C\nğŸŒ§ï¸ 1% rain\n\n#mumbai #besttimetovisit #travelplanning","https://30yearweather.com/mumbai?utm_source=pinterest&utm_medium=pin&utm_campaign=bulk","Best Time to Visit - Asia"
"https://30yearweather.com/pinterest/munich.png?v=2","Best Time to Visit Munich - 30 Year Weather Analysis","Planning a Munich trip? Based on 30 years of NASA data:\nâœ¨ Best: August & June\nğŸŒ¡ï¸ 17-23Â°C\nğŸŒ§ï¸ 34% rain\n\n#munich #besttimetovisit #travelplanning","https://30yearweather.com/munich?utm_source=pinterest&utm_medium=pin&utm_campaign=bulk","Best Time to Visit - Europe"
"https://30yearweather.com/pinterest/muscat.png?v=2","Best Time to Visit Muscat - 30 Year Weather Analysis","Planning a Muscat trip? Based on 30 years of NASA data:\nâœ¨ Best: January & February\nğŸŒ¡ï¸ 19-26Â°C\nğŸŒ§ï¸ 3% rain\n\n#muscat #besttimetovisit #travelplanning","https://30yearweather.com/muscat?utm_source=pinterest&utm_medium=pin&utm_campaign=bulk","Best Time to Visit - Middle East"
"https://30yearweather.com/pinterest/nadi.png?v=2","Best Time to Visit Nadi - 30 Year Weather Analysis","Planning a Nadi trip? Based on 30 years of NASA data:\nâœ¨ Best: July & June\nğŸŒ¡ï¸ 22-28Â°C\nğŸŒ§ï¸ 10% rain\n\n#nadi #besttimetovisit #travelplanning","https://30yearweather.com/nadi?utm_source=pinterest&utm_medium=pin&utm_campaign=bulk","Best Time to Visit - Oceania"
"https://30yearweather.com/pinterest/nairobi.png?v=2","Best Time to Visit Nairobi - 30 Year Weather Analysis","Planning a Nairobi trip? Based on 30 years of NASA data:\nâœ¨ Best: July & August\nğŸŒ¡ï¸ 17-23Â°C\nğŸŒ§ï¸ 7% rain\n\n#nairobi #besttimetovisit #travelplanning","https://30yearweather.com/nairobi?utm_source=pinterest&utm_medium=pin&utm_campaign=bulk","Best Time to Visit - Africa"
"https://30yearweather.com/pinterest/naples.png?v=2","Best Time to Visit Naples - 30 Year Weather Analysis","Planning a Naples trip? Based on 30 years of NASA data:\nâœ¨ Best: July & June\nğŸŒ¡ï¸ 22-30Â°C\nğŸŒ§ï¸ 7% rain\n\n#naples #besttimetovisit #travelplanning","https://30yearweather.com/naples?utm_source=pinterest&utm_medium=pin&utm_campaign=bulk","Best Time to Visit - Europe"
"https://30yearweather.com/pinterest/nassau.png?v=2","Best Time to Visit Nassau - 30 Year Weather Analysis","Planning a Nassau trip? Based on 30 years of NASA data:\nâœ¨ Best: February & April\nğŸŒ¡ï¸ 20-26Â°C\nğŸŒ§ï¸ 12% rain\n\n#nassau #besttimetovisit #travelplanning","https://30yearweather.com/nassau?utm_source=pinterest&utm_medium=pin&utm_campaign=bulk","Best Time to Visit - Americas"
"https://30yearweather.com/pinterest/new-delhi.png?v=2","Best Time to Visit New Delhi - 30 Year Weather Analysis","Planning a New Delhi trip? Based on 30 years of NASA data:\nâœ¨ Best: February & November\nğŸŒ¡ï¸ 19-27Â°C\nğŸŒ§ï¸ 5% rain\n\n#newdelhi #besttimetovisit #travelplanning","https://30yearweather.com/new-delhi?utm_source=pinterest&utm_medium=pin&utm_campaign=bulk","Best Time to Visit - Asia"
"https://30yearweather.com/pinterest/new-orleans.png?v=2","Best Time to Visit New Orleans - 30 Year Weather Analysis","Planning a New Orleans trip? Based on 30 years of NASA data:\nâœ¨ Best: October & November\nğŸŒ¡ï¸ 16-26Â°C\nğŸŒ§ï¸ 19% rain\n\n#neworleans #besttimetovisit #travelplanning","https://30yearweather.com/new-orleans?utm_source=pinterest&utm_medium=pin&utm_campaign=bulk","Best Time to Visit - Americas"
"https://30yearweather.com/pinterest/new-york.png?v=2","Best Time to Visit New York - 30 Year Weather Analysis","Planning a New York trip? Based on 30 years of NASA data:\nâœ¨ Best: September & June\nğŸŒ¡ï¸ 19-26Â°C\nğŸŒ§ï¸ 25% rain\n\n#newyork #besttimetovisit #travelplanning","https://30yearweather.com/new-york?utm_source=pinterest&utm_medium=pin&utm_campaign=bulk","Best Time to Visit - Americas"
"https://30yearweather.com/pinterest/nice.png?v=2","Best Time to Visit Nice - 30 Year Weather Analysis","Planning a Nice trip? Based on 30 years of NASA data:\nâœ¨ Best: July & August\nğŸŒ¡ï¸ 23-28Â°C\nğŸŒ§ï¸ 7% rain\n\n#nice #besttimetovisit #travelplanning","https://30yearweather.com/nice?utm_source=pinterest&utm_medium=pin&utm_campaign=bulk","Best Time to Visit - Europe"
"https://30yearweather.com/pinterest/osaka.png?v=2","Best Time to Visit Osaka - 30 Year Weather Analysis","Planning a Osaka trip? Based on 30 years of NASA data:\nâœ¨ Best: October & May\nğŸŒ¡ï¸ 17-23Â°C\nğŸŒ§ï¸ 28% rain\n\n#osaka #besttimetovisit #travelplanning","https://30yearweather.com/osaka?utm_source=pinterest&utm_medium=pin&utm_campaign=bulk","Best Time to Visit - Asia"
"https://30yearweather.com/pinterest/oslo.png?v=2","Best Time to Visit Oslo - 30 Year Weather Analysis","Planning a Oslo trip? Based on 30 years of NASA data:\nâœ¨ Best: July & June\nğŸŒ¡ï¸ 15-21Â°C\nğŸŒ§ï¸ 30% rain\n\n#oslo #besttimetovisit #travelplanning","https://30yearweather.com/oslo?utm_source=pinterest&utm_medium=pin&utm_campaign=bulk","Best Time to Visit - Europe"
"https://30yearweather.com/pinterest/palma-mallorca.png?v=2","Best Time to Visit Palma Mallorca - 30 Year Weather Analysis","Planning a Palma Mallorca trip? Based on 30 years of NASA data:\nâœ¨ Best: June & May\nğŸŒ¡ï¸ 18-28Â°C\nğŸŒ§ï¸ 9% rain\n\n#palmamallorca #besttimetovisit #travelplanning","https://30yearweather.com/palma-mallorca?utm_source=pinterest&utm_medium=pin&utm_campaign=bulk","Best Time to Visit - Europe"
"https://30yearweather.com/pinterest/papeete.png?v=2","Best Time to Visit Papeete - 30 Year Weather Analysis","Planning a Papeete trip? Based on 30 years of NASA data:\nâœ¨ Best: August & July\nğŸŒ¡ï¸ 21-27Â°C\nğŸŒ§ï¸ 30% rain\n\n#papeete #besttimetovisit #travelplanning","https://30yearweather.com/papeete?utm_source=pinterest&utm_medium=pin&utm_campaign=bulk","Best Time to Visit - Oceania"
"https://30yearweather.com/pinterest/paris.png?v=2","Best Time to Visit Paris - 30 Year Weather Analysis","Planning a Paris trip? Based on 30 years of NASA data:\nâœ¨ Best: August & July\nğŸŒ¡ï¸ 20-25Â°C\nğŸŒ§ï¸ 21% rain\n\n#paris #besttimetovisit #travelplanning","https://30yearweather.com/paris?utm_source=pinterest&utm_medium=pin&utm_campaign=bulk","Best Time to Visit - Europe"
"https://30yearweather.com/pinterest/perth.png?v=2","Best Time to Visit Perth - 30 Year Weather Analysis","Planning a Perth trip? Based on 30 years of NASA data:\nâœ¨ Best: April & October\nğŸŒ¡ï¸ 17-25Â°C\nğŸŒ§ï¸ 11% rain\n\n#perth #besttimetovisit #travelplanning","https://30yearweather.com/perth?utm_source=pinterest&utm_medium=pin&utm_campaign=bulk","Best Time to Visit - Oceania"
"https://30yearweather.com/pinterest/phuket.png?v=2","Best Time to Visit Phuket - 30 Year Weather Analysis","Planning a Phuket trip? Based on 30 years of NASA data:\nâœ¨ Best: February & January\nğŸŒ¡ï¸ 24-30Â°C\nğŸŒ§ï¸ 17% rain\n\n#phuket #besttimetovisit #travelplanning","https://30yearweather.com/phuket?utm_source=pinterest&utm_medium=pin&utm_campaign=bulk","Best Time to Visit - Asia"
"https://30yearweather.com/pinterest/porto.png?v=2","Best Time to Visit Porto - 30 Year Weather Analysis","Planning a Porto trip? Based on 30 years of NASA data:\nâœ¨ Best: July & August\nğŸŒ¡ï¸ 20-25Â°C\nğŸŒ§ï¸ 7% rain\n\n#porto #besttimetovisit #travelplanning","https://30yearweather.com/porto?utm_source=pinterest&utm_medium=pin&utm_campaign=bulk","Best Time to Visit - Europe"
"https://30yearweather.com/pinterest/prague.png?v=2","Best Time to Visit Prague - 30 Year Weather Analysis","Planning a Prague trip? Based on 30 years of NASA data:\nâœ¨ Best: August & September\nğŸŒ¡ï¸ 15-25Â°C\nğŸŒ§ï¸ 23% rain\n\n#prague #besttimetovisit #travelplanning","https://30yearweather.com/prague?utm_source=pinterest&utm_medium=pin&utm_campaign=bulk","Best Time to Visit - Europe"
"https://30yearweather.com/pinterest/punta-cana.png?v=2","Best Time to Visit Punta Cana - 30 Year Weather Analysis","Planning a Punta Cana trip? Based on 30 years of NASA data:\nâœ¨ Best: March & February\nğŸŒ¡ï¸ 21-27Â°C\nğŸŒ§ï¸ 19% rain\n\n#puntacana #besttimetovisit #travelplanning","https://30yearweather.com/punta-cana?utm_source=pinterest&utm_medium=pin&utm_campaign=bulk","Best Time to Visit - Americas"
"https://30yearweather.com/pinterest/queenstown.png?v=2","Best Time to Visit Queenstown - 30 Year Weather Analysis","Planning a Queenstown trip? Based on 30 years of NASA data:\nâœ¨ Best: February & January\nğŸŒ¡ï¸ 15-20Â°C\nğŸŒ§ï¸ 27% rain\n\n#queenstown #besttimetovisit #travelplanning","https://30yearweather.com/queenstown?utm_source=pinterest&utm_medium=pin&utm_campaign=bulk","Best Time to Visit - Oceania"
"https://30yearweather.com/pinterest/quito.png?v=2","Best Time to Visit Quito - 30 Year Weather Analysis","Planning a Quito trip? Based on 30 years of NASA data:\nâœ¨ Best: July & August\nğŸŒ¡ï¸ 12-18Â°C\nğŸŒ§ï¸ 34% rain\n\n#quito #besttimetovisit #travelplanning","https://30yearweather.com/quito?utm_source=pinterest&utm_medium=pin&utm_campaign=bulk","Best Time to Visit - Americas"
"https://30yearweather.com/pinterest/ras-al-khaimah.png?v=2","Best Time to Visit Ras Al Khaimah - 30 Year Weather Analysis","Planning a Ras Al Khaimah trip? Based on 30 years of NASA data:\nâœ¨ Best: January & February\nğŸŒ¡ï¸ 18-24Â°C\nğŸŒ§ï¸ 5% rain\n\n#rasalkhaimah #besttimetovisit #travelplanning","https://30yearweather.com/ras-al-khaimah?utm_source=pinterest&utm_medium=pin&utm_campaign=bulk","Best Time to Visit - Middle East"
"https://30yearweather.com/pinterest/reykjavik.png?v=2","Best Time to Visit Reykjavik - 30 Year Weather Analysis","Planning a Reykjavik trip? Based on 30 years of NASA data:\nâœ¨ Best: July & August\nğŸŒ¡ï¸ 9-14Â°C\nğŸŒ§ï¸ 33% rain\n\n#reykjavik #besttimetovisit #travelplanning","https://30yearweather.com/reykjavik?utm_source=pinterest&utm_medium=pin&utm_campaign=bulk","Best Time to Visit - Europe"
"https://30yearweather.com/pinterest/rhodes.png?v=2","Best Time to Visit Rhodes - 30 Year Weather Analysis","Planning a Rhodes trip? Based on 30 years of NASA data:\nâœ¨ Best: May & June\nğŸŒ¡ï¸ 16-25Â°C\nğŸŒ§ï¸ 3% rain\n\n#rhodes #besttimetovisit #travelplanning","https://30yearweather.com/rhodes?utm_source=pinterest&utm_medium=pin&utm_campaign=bulk","Best Time to Visit - Europe"
"https://30yearweather.com/pinterest/riga.png?v=2","Best Time to Visit Riga - 30 Year Weather Analysis","Planning a Riga trip? Based on 30 years of NASA data:\nâœ¨ Best: July & June\nğŸŒ¡ï¸ 16-23Â°C\nğŸŒ§ï¸ 30% rain\n\n#riga #besttimetovisit #travelplanning","https://30yearweather.com/riga?utm_source=pinterest&utm_medium=pin&utm_campaign=bulk","Best Time to Visit - Europe"
"https://30yearweather.com/pinterest/rio-de-janeiro.png?v=2","Best Time to Visit Rio De Janeiro - 30 Year Weather Analysis","Planning a Rio De Janeiro trip? Based on 30 years of NASA data:\nâœ¨ Best: July & June\nğŸŒ¡ï¸ 20-26Â°C\nğŸŒ§ï¸ 14% rain\n\n#riodejaneiro #besttimetovisit #travelplanning","https://30yearweather.com/rio-de-janeiro?utm_source=pinterest&utm_medium=pin&utm_campaign=bulk","Best Time to Visit - Americas"
"https://30yearweather.com/pinterest/rome.png?v=2","Best Time to Visit Rome - 30 Year Weather Analysis","Planning a Rome trip? Based on 30 years of NASA data:\nâœ¨ Best: June & July\nğŸŒ¡ï¸ 24-32Â°C\nğŸŒ§ï¸ 8% rain\n\n#rome #besttimetovisit #travelplanning","https://30yearweather.com/rome?utm_source=pinterest&utm_medium=pin&utm_campaign=bulk","Best Time to Visit - Europe"
"https://30yearweather.com/pinterest/san-francisco.png?v=2","Best Time to Visit San Francisco - 30 Year Weather Analysis","Planning a San Francisco trip? Based on 30 years of NASA data:\nâœ¨ Best: July & August\nğŸŒ¡ï¸ 15-21Â°C\nğŸŒ§ï¸ 0% rain\n\n#sanfrancisco #besttimetovisit #travelplanning","https://30yearweather.com/san-francisco?utm_source=pinterest&utm_medium=pin&utm_campaign=bulk","Best Time to Visit - Americas"
"https://30yearweather.com/pinterest/san-jose-cr.png?v=2","Best Time to Visit San Jose Cr - 30 Year Weather Analysis","Planning a San Jose Cr trip? Based on 30 years of NASA data:\nâœ¨ Best: February & March\nğŸŒ¡ï¸ 21-27Â°C\nğŸŒ§ï¸ 8% rain\n\n#sanjosecr #besttimetovisit #travelplanning","https://30yearweather.com/san-jose-cr?utm_source=pinterest&utm_medium=pin&utm_campaign=bulk","Best Time to Visit - Americas"
"https://30yearweather.com/pinterest/san-juan.png?v=2","Best Time to Visit San Juan - 30 Year Weather Analysis","Planning a San Juan trip? Based on 30 years of NASA data:\nâœ¨ Best: February & January\nğŸŒ¡ï¸ 23-28Â°C\nğŸŒ§ï¸ 20% rain\n\n#sanjuan #besttimetovisit #travelplanning","https://30yearweather.com/san-juan?utm_source=pinterest&utm_medium=pin&utm_campaign=bulk","Best Time to Visit - Americas"
"https://30yearweather.com/pinterest/santiago.png?v=2","Best Time to Visit Santiago - 30 Year Weather Analysis","Planning a Santiago trip? Based on 30 years of NASA data:\nâœ¨ Best: January & February\nğŸŒ¡ï¸ 24-29Â°C\nğŸŒ§ï¸ 1% rain\n\n#santiago #besttimetovisit #travelplanning","https://30yearweather.com/santiago?utm_source=pinterest&utm_medium=pin&utm_campaign=bulk","Best Time to Visit - Americas"
"https://30yearweather.com/pinterest/santorini.png?v=2","Best Time to Visit Santorini - 30 Year Weather Analysis","Planning a Santorini trip? Based on 30 years of NASA data:\nâœ¨ Best: May & June\nğŸŒ¡ï¸ 16-26Â°C\nğŸŒ§ï¸ 3% rain\n\n#santorini #besttimetovisit #travelplanning","https://30yearweather.com/santorini?utm_source=pinterest&utm_medium=pin&utm_campaign=bulk","Best Time to Visit - Europe"
"https://30yearweather.com/pinterest/sao-paulo.png?v=2","Best Time to Visit Sao Paulo - 30 Year Weather Analysis","Planning a Sao Paulo trip? Based on 30 years of NASA data:\nâœ¨ Best: July & August\nğŸŒ¡ï¸ 17-23Â°C\nğŸŒ§ï¸ 11% rain\n\n#saopaulo #besttimetovisit #travelplanning","https://30yearweather.com/sao-paulo?utm_source=pinterest&utm_medium=pin&utm_campaign=bulk","Best Time to Visit - Americas"
"https://30yearweather.com/pinterest/sapporo.png?v=2","Best Time to Visit Sapporo - 30 Year Weather Analysis","Planning a Sapporo trip? Based on 30 years of NASA data:\nâœ¨ Best: June & September\nğŸŒ¡ï¸ 15-22Â°C\nğŸŒ§ï¸ 29% rain\n\n#sapporo #besttimetovisit #travelplanning","https://30yearweather.com/sapporo?utm_source=pinterest&utm_medium=pin&utm_campaign=bulk","Best Time to Visit - Asia"
"https://30yearweather.com/pinterest/seoul.png?v=2","Best Time to Visit Seoul - 30 Year Weather Analysis","Planning a Seoul trip? Based on 30 years of NASA data:\nâœ¨ Best: May & October\nğŸŒ¡ï¸ 14-22Â°C\nğŸŒ§ï¸ 17% rain\n\n#seoul #besttimetovisit #travelplanning","https://30yearweather.com/seoul?utm_source=pinterest&utm_medium=pin&utm_campaign=bulk","Best Time to Visit - Asia"
"https://30yearweather.com/pinterest/seville.png?v=2","Best Time to Visit Seville - 30 Year Weather Analysis","Planning a Seville trip? Based on 30 years of NASA data:\nâœ¨ Best: May & September\nğŸŒ¡ï¸ 22-31Â°C\nğŸŒ§ï¸ 9% rain\n\n#seville #besttimetovisit #travelplanning","https://30yearweather.com/seville?utm_source=pinterest&utm_medium=pin&utm_campaign=bulk","Best Time to Visit - Europe"
"https://30yearweather.com/pinterest/shanghai.png?v=2","Best Time to Visit Shanghai - 30 Year Weather Analysis","Planning a Shanghai trip? Based on 30 years of NASA data:\nâœ¨ Best: October & May\nğŸŒ¡ï¸ 18-25Â°C\nğŸŒ§ï¸ 21% rain\n\n#shanghai #besttimetovisit #travelplanning","https://30yearweather.com/shanghai?utm_source=pinterest&utm_medium=pin&utm_campaign=bulk","Best Time to Visit - Asia"
"https://30yearweather.com/pinterest/singapore.png?v=2","Best Time to Visit Singapore - 30 Year Weather Analysis","Planning a Singapore trip? Based on 30 years of NASA data:\nâœ¨ Best: February & July\nğŸŒ¡ï¸ 24-29Â°C\nğŸŒ§ï¸ 52% rain\n\n#singapore #besttimetovisit #travelplanning","https://30yearweather.com/singapore?utm_source=pinterest&utm_medium=pin&utm_campaign=bulk","Best Time to Visit - Asia"
"https://30yearweather.com/pinterest/sofia.png?v=2","Best Time to Visit Sofia - 30 Year Weather Analysis","Planning a Sofia trip? Based on 30 years of NASA data:\nâœ¨ Best: September & August\nğŸŒ¡ï¸ 18-28Â°C\nğŸŒ§ï¸ 16% rain\n\n#sofia #besttimetovisit #travelplanning","https://30yearweather.com/sofia?utm_source=pinterest&utm_medium=pin&utm_campaign=bulk","Best Time to Visit - Europe"
"https://30yearweather.com/pinterest/stockholm.png?v=2","Best Time to Visit Stockholm - 30 Year Weather Analysis","Planning a Stockholm trip? Based on 30 years of NASA data:\nâœ¨ Best: July & June\nğŸŒ¡ï¸ 14-21Â°C\nğŸŒ§ï¸ 25% rain\n\n#stockholm #besttimetovisit #travelplanning","https://30yearweather.com/stockholm?utm_source=pinterest&utm_medium=pin&utm_campaign=bulk","Best Time to Visit - Europe"
"https://30yearweather.com/pinterest/sydney.png?v=2","Best Time to Visit Sydney - 30 Year Weather Analysis","Planning a Sydney trip? Based on 30 years of NASA data:\nâœ¨ Best: September & October\nğŸŒ¡ï¸ 15-22Â°C\nğŸŒ§ï¸ 18% rain\n\n#sydney #besttimetovisit #travelplanning","https://30yearweather.com/sydney?utm_source=pinterest&utm_medium=pin&utm_campaign=bulk","Best Time to Visit - Oceania"
"https://30yearweather.com/pinterest/taipei.png?v=2","Best Time to Visit Taipei - 30 Year Weather Analysis","Planning a Taipei trip? Based on 30 years of NASA data:\nâœ¨ Best: March & February\nğŸŒ¡ï¸ 14-22Â°C\nğŸŒ§ï¸ 29% rain\n\n#taipei #besttimetovisit #travelplanning","https://30yearweather.com/taipei?utm_source=pinterest&utm_medium=pin&utm_campaign=bulk","Best Time to Visit - Asia"
"https://30yearweather.com/pinterest/tashkent.png?v=2","Best Time to Visit Tashkent - 30 Year Weather Analysis","Planning a Tashkent trip? Based on 30 years of NASA data:\nâœ¨ Best: September & May\nğŸŒ¡ï¸ 22-29Â°C\nğŸŒ§ï¸ 10% rain\n\n#tashkent #besttimetovisit #travelplanning","https://30yearweather.com/tashkent?utm_source=pinterest&utm_medium=pin&utm_campaign=bulk","Best Time to Visit - Asia"
"https://30yearweather.com/pinterest/tel-aviv.png?v=2","Best Time to Visit Tel Aviv - 30 Year Weather Analysis","Planning a Tel Aviv trip? Based on 30 years of NASA data:\nâœ¨ Best: April & May\nğŸŒ¡ï¸ 18-27Â°C\nğŸŒ§ï¸ 4% rain\n\n#telaviv #besttimetovisit #travelplanning","https://30yearweather.com/tel-aviv?utm_source=pinterest&utm_medium=pin&utm_campaign=bulk","Best Time to Visit - Middle East"
"https://30yearweather.com/pinterest/tokyo.png?v=2","Best Time to Visit Tokyo - 30 Year Weather Analysis","Planning a Tokyo trip? Based on 30 years of NASA data:\nâœ¨ Best: October & May\nğŸŒ¡ï¸ 16-22Â°C\nğŸŒ§ï¸ 30% rain\n\n#tokyo #besttimetovisit #travelplanning","https://30yearweather.com/tokyo?utm_source=pinterest&utm_medium=pin&utm_campaign=bulk","Best Time to Visit - Asia"
"https://30yearweather.com/pinterest/toronto.png?v=2","Best Time to Visit Toronto - 30 Year Weather Analysis","Planning a Toronto trip? Based on 30 years of NASA data:\nâœ¨ Best: August & September\nğŸŒ¡ï¸ 17-25Â°C\nğŸŒ§ï¸ 22% rain\n\n#toronto #besttimetovisit #travelplanning","https://30yearweather.com/toronto?utm_source=pinterest&utm_medium=pin&utm_campaign=bulk","Best Time to Visit - Americas"
"https://30yearweather.com/pinterest/valletta.png?v=2","Best Time to Visit Valletta - 30 Year Weather Analysis","Planning a Valletta trip? Based on 30 years of NASA data:\nâœ¨ Best: June & August\nğŸŒ¡ï¸ 21-29Â°C\nğŸŒ§ï¸ 1% rain\n\n#valletta #besttimetovisit #travelplanning","https://30yearweather.com/valletta?utm_source=pinterest&utm_medium=pin&utm_campaign=bulk","Best Time to Visit - Europe"
"https://30yearweather.com/pinterest/vancouver.png?v=2","Best Time to Visit Vancouver - 30 Year Weather Analysis","Planning a Vancouver trip? Based on 30 years of NASA data:\nâœ¨ Best: July & August\nğŸŒ¡ï¸ 18-23Â°C\nğŸŒ§ï¸ 13% rain\n\n#vancouver #besttimetovisit #travelplanning","https://30yearweather.com/vancouver?utm_source=pinterest&utm_medium=pin&utm_campaign=bulk","Best Time to Visit - Americas"
"https://30yearweather.com/pinterest/venice.png?v=2","Best Time to Visit Venice - 30 Year Weather Analysis","Planning a Venice trip? Based on 30 years of NASA data:\nâœ¨ Best: July & June\nğŸŒ¡ï¸ 21-29Â°C\nğŸŒ§ï¸ 20% rain\n\n#venice #besttimetovisit #travelplanning","https://30yearweather.com/venice?utm_source=pinterest&utm_medium=pin&utm_campaign=bulk","Best Time to Visit - Europe"
"https://30yearweather.com/pinterest/vienna.png?v=2","Best Time to Visit Vienna - 30 Year Weather Analysis","Planning a Vienna trip? Based on 30 years of NASA data:\nâœ¨ Best: August & July\nğŸŒ¡ï¸ 21-26Â°C\nğŸŒ§ï¸ 22% rain\n\n#vienna #besttimetovisit #travelplanning","https://30yearweather.com/vienna?utm_source=pinterest&utm_medium=pin&utm_campaign=bulk","Best Time to Visit - Europe"
"https://30yearweather.com/pinterest/warsaw.png?v=2","Best Time to Visit Warsaw - 30 Year Weather Analysis","Planning a Warsaw trip? Based on 30 years of NASA data:\nâœ¨ Best: August & June\nğŸŒ¡ï¸ 18-24Â°C\nğŸŒ§ï¸ 24% rain\n\n#warsaw #besttimetovisit #travelplanning","https://30yearweather.com/warsaw?utm_source=pinterest&utm_medium=pin&utm_campaign=bulk","Best Time to Visit - Europe"
"https://30yearweather.com/pinterest/whistler.png?v=2","Best Time to Visit Whistler - 30 Year Weather Analysis","Planning a Whistler trip? Based on 30 years of NASA data:\nâœ¨ Best: July & August\nğŸŒ¡ï¸ 17-23Â°C\nğŸŒ§ï¸ 20% rain\n\n#whistler #besttimetovisit #travelplanning","https://30yearweather.com/whistler?utm_source=pinterest&utm_medium=pin&utm_campaign=bulk","Best Time to Visit - Americas"
"https://30yearweather.com/pinterest/zanzibar.png?v=2","Best Time to Visit Zanzibar - 30 Year Weather Analysis","Planning a Zanzibar trip? Based on 30 years of NASA data:\nâœ¨ Best: August & September\nğŸŒ¡ï¸ 23-29Â°C\nğŸŒ§ï¸ 8% rain\n\n#zanzibar #besttimetovisit #travelplanning","https://30yearweather.com/zanzibar?utm_source=pinterest&utm_medium=pin&utm_campaign=bulk","Best Time to Visit - Africa"
"https://30yearweather.com/pinterest/zurich.png?v=2","Best Time to Visit Zurich - 30 Year Weather Analysis","Planning a Zurich trip? Based on 30 years of NASA data:\nâœ¨ Best: August & September\nğŸŒ¡ï¸ 15-24Â°C\nğŸŒ§ï¸ 32% rain\n\n#zurich #besttimetovisit #travelplanning","https://30yearweather.com/zurich?utm_source=pinterest&utm_medium=pin&utm_campaign=bulk","Best Time to Visit - Europe"