Title,Media URL,Pinterest board,Description,Link,Keywords
"Best Time to Visit Almaty - 30 Year Weather Analysis","https://30yearweather.com/pinterest/almaty.png?v=2","Best Time to Visit - Asia","Planning a Almaty trip? Based on 30 years of NASA data: âœ¨ Best: July & August ğŸŒ¡ï¸ 23-29Â°C ğŸŒ§ï¸ 8% rain  #almaty #besttimetovisit #travelplanning","https://30yearweather.com/almaty?utm_source=pinterest&utm_medium=pin&utm_campaign=bulk","almaty, besttimetovisit, travelplanning"
"Best Time to Visit Bali - 30 Year Weather Analysis","https://30yearweather.com/pinterest/bali.png?v=2","Best Time to Visit - Asia","Planning a Bali trip? Based on 30 years of NASA data: âœ¨ Best: August & July ğŸŒ¡ï¸ 21-27Â°C ğŸŒ§ï¸ 14% rain  #bali #besttimetovisit #travelplanning","https://30yearweather.com/bali?utm_source=pinterest&utm_medium=pin&utm_campaign=bulk","bali, besttimetovisit, travelplanning"
"Best Time to Visit Bangkok - 30 Year Weather Analysis","https://30yearweather.com/pinterest/bangkok.png?v=2","Best Time to Visit - Asia","Planning a Bangkok trip? Based on 30 years of NASA data: âœ¨ Best: December & January ğŸŒ¡ï¸ 26-31Â°C ğŸŒ§ï¸ 4% rain  #bangkok #besttimetovisit #travelplanning","https://30yearweather.com/bangkok?utm_source=pinterest&utm_medium=pin&utm_campaign=bulk","bangkok, besttimetovisit, travelplanning"
"Best Time to Visit Beijing - 30 Year Weather Analysis","https://30yearweather.com/pinterest/beijing.png?v=2","Best Time to Visit - Asia","Planning a Beijing trip? Based on 30 years of NASA data: âœ¨ Best: September & May ğŸŒ¡ï¸ 21-28Â°C ğŸŒ§ï¸ 12% rain  #beijing #besttimetovisit #travelplanning","https://30yearweather.com/beijing?utm_source=pinterest&utm_medium=pin&utm_campaign=bulk","beijing, besttimetovisit, travelplanning"
"Best Time to Visit Busan - 30 Year Weather Analysis","https://30yearweather.com/pinterest/busan.png?v=2","Best Time to Visit - Asia","Planning a Busan trip? Based on 30 years of NASA data: âœ¨ Best: October & May ğŸŒ¡ï¸ 16-21Â°C ğŸŒ§ï¸ 17% rain  #busan #besttimetovisit #travelplanning","https://30yearweather.com/busan?utm_source=pinterest&utm_medium=pin&utm_campaign=bulk","busan, besttimetovisit, travelplanning"
"Best Time to Visit Chengdu - 30 Year Weather Analysis","https://30yearweather.com/pinterest/chengdu.png?v=2","Best Time to Visit - Asia","Planning a Chengdu trip? Based on 30 years of NASA data: âœ¨ Best: November & March ğŸŒ¡ï¸ 11-18Â°C ğŸŒ§ï¸ 11% rain  #chengdu #besttimetovisit #travelplanning","https://30yearweather.com/chengdu?utm_source=pinterest&utm_medium=pin&utm_campaign=bulk","chengdu, besttimetovisit, travelplanning"
"Best Time to Visit Chiang Mai - 30 Year Weather Analysis","https://30yearweather.com/pinterest/chiang-mai.png?v=2","Best Time to Visit - Asia","Planning a Chiang Mai trip? Based on 30 years of NASA data: âœ¨ Best: January & December ğŸŒ¡ï¸ 22-28Â°C ğŸŒ§ï¸ 4% rain  #chiangmai #besttimetovisit #travelplanning","https://30yearweather.com/chiang-mai?utm_source=pinterest&utm_medium=pin&utm_campaign=bulk","chiangmai, besttimetovisit, travelplanning"
"Best Time to Visit Fukuoka - 30 Year Weather Analysis","https://30yearweather.com/pinterest/fukuoka.png?v=2","Best Time to Visit - Asia","Planning a Fukuoka trip? Based on 30 years of NASA data: âœ¨ Best: October & May ğŸŒ¡ï¸ 18-23Â°C ğŸŒ§ï¸ 24% rain  #fukuoka #besttimetovisit #travelplanning","https://30yearweather.com/fukuoka?utm_source=pinterest&utm_medium=pin&utm_campaign=bulk","fukuoka, besttimetovisit, travelplanning"
"Best Time to Visit Hanoi - 30 Year Weather Analysis","https://30yearweather.com/pinterest/hanoi.png?v=2","Best Time to Visit - Asia","Planning a Hanoi trip? Based on 30 years of NASA data: âœ¨ Best: December & November ğŸŒ¡ï¸ 16-26Â°C ğŸŒ§ï¸ 13% rain  #hanoi #besttimetovisit #travelplanning","https://30yearweather.com/hanoi?utm_source=pinterest&utm_medium=pin&utm_campaign=bulk","hanoi, besttimetovisit, travelplanning"
"Best Time to Visit Ho Chi Minh - 30 Year Weather Analysis","https://30yearweather.com/pinterest/ho-chi-minh.png?v=2","Best Time to Visit - Asia","Planning a Ho Chi Minh trip? Based on 30 years of NASA data: âœ¨ Best: January & December ğŸŒ¡ï¸ 26-32Â°C ğŸŒ§ï¸ 14% rain  #hochiminh #besttimetovisit #travelplanning","https://30yearweather.com/ho-chi-minh?utm_source=pinterest&utm_medium=pin&utm_campaign=bulk","hochiminh, besttimetovisit, travelplanning"
"Best Time to Visit Hong Kong - 30 Year Weather Analysis","https://30yearweather.com/pinterest/hong-kong.png?v=2","Best Time to Visit - Asia","Planning a Hong Kong trip? Based on 30 years of NASA data: âœ¨ Best: December & November ğŸŒ¡ï¸ 15-24Â°C ğŸŒ§ï¸ 11% rain  #hongkong #besttimetovisit #travelplanning","https://30yearweather.com/hong-kong?utm_source=pinterest&utm_medium=pin&utm_campaign=bulk","hongkong, besttimetovisit, travelplanning"
"Best Time to Visit Jakarta - 30 Year Weather Analysis","https://30yearweather.com/pinterest/jakarta.png?v=2","Best Time to Visit - Asia","Planning a Jakarta trip? Based on 30 years of NASA data: âœ¨ Best: August & September ğŸŒ¡ï¸ 27-32Â°C ğŸŒ§ï¸ 24% rain  #jakarta #besttimetovisit #travelplanning","https://30yearweather.com/jakarta?utm_source=pinterest&utm_medium=pin&utm_campaign=bulk","jakarta, besttimetovisit, travelplanning"
"Best Time to Visit Kathmandu - 30 Year Weather Analysis","https://30yearweather.com/pinterest/kathmandu.png?v=2","Best Time to Visit - Asia","Planning a Kathmandu trip? Based on 30 years of NASA data: âœ¨ Best: November & March ğŸŒ¡ï¸ 15-21Â°C ğŸŒ§ï¸ 10% rain  #kathmandu #besttimetovisit #travelplanning","https://30yearweather.com/kathmandu?utm_source=pinterest&utm_medium=pin&utm_campaign=bulk","kathmandu, besttimetovisit, travelplanning"
"Best Time to Visit Kuala Lumpur - 30 Year Weather Analysis","https://30yearweather.com/pinterest/kuala-lumpur.png?v=2","Best Time to Visit - Asia","Planning a Kuala Lumpur trip? Based on 30 years of NASA data: âœ¨ Best: July & February ğŸŒ¡ï¸ 26-31Â°C ğŸŒ§ï¸ 45% rain  #kualalumpur #besttimetovisit #travelplanning","https://30yearweather.com/kuala-lumpur?utm_source=pinterest&utm_medium=pin&utm_campaign=bulk","kualalumpur, besttimetovisit, travelplanning"
"Best Time to Visit Kyoto - 30 Year Weather Analysis","https://30yearweather.com/pinterest/kyoto.png?v=2","Best Time to Visit - Asia","Planning a Kyoto trip? Based on 30 years of NASA data: âœ¨ Best: October & May ğŸŒ¡ï¸ 16-23Â°C ğŸŒ§ï¸ 28% rain  #kyoto #besttimetovisit #travelplanning","https://30yearweather.com/kyoto?utm_source=pinterest&utm_medium=pin&utm_campaign=bulk","kyoto, besttimetovisit, travelplanning"
"Best Time to Visit Male - 30 Year Weather Analysis","https://30yearweather.com/pinterest/male.png?v=2","Best Time to Visit - Asia","Planning a Male trip? Based on 30 years of NASA data: âœ¨ Best: February & March ğŸŒ¡ï¸ 23-28Â°C ğŸŒ§ï¸ 17% rain  #male #besttimetovisit #travelplanning","https://30yearweather.com/male?utm_source=pinterest&utm_medium=pin&utm_campaign=bulk","male, besttimetovisit, travelplanning"
"Best Time to Visit Manila - 30 Year Weather Analysis","https://30yearweather.com/pinterest/manila.png?v=2","Best Time to Visit - Asia","Planning a Manila trip? Based on 30 years of NASA data: âœ¨ Best: January & March ğŸŒ¡ï¸ 24-31Â°C ğŸŒ§ï¸ 11% rain  #manila #besttimetovisit #travelplanning","https://30yearweather.com/manila?utm_source=pinterest&utm_medium=pin&utm_campaign=bulk","manila, besttimetovisit, travelplanning"
"Best Time to Visit Mumbai - 30 Year Weather Analysis","https://30yearweather.com/pinterest/mumbai.png?v=2","Best Time to Visit - Asia","Planning a Mumbai trip? Based on 30 years of NASA data: âœ¨ Best: January & December ğŸŒ¡ï¸ 25-31Â°C ğŸŒ§ï¸ 1% rain  #mumbai #besttimetovisit #travelplanning","https://30yearweather.com/mumbai?utm_source=pinterest&utm_medium=pin&utm_campaign=bulk","mumbai, besttimetovisit, travelplanning"
"Best Time to Visit New Delhi - 30 Year Weather Analysis","https://30yearweather.com/pinterest/new-delhi.png?v=2","Best Time to Visit - Asia","Planning a New Delhi trip? Based on 30 years of NASA data: âœ¨ Best: February & November ğŸŒ¡ï¸ 19-27Â°C ğŸŒ§ï¸ 5% rain  #newdelhi #besttimetovisit #travelplanning","https://30yearweather.com/new-delhi?utm_source=pinterest&utm_medium=pin&utm_campaign=bulk","newdelhi, besttimetovisit, travelplanning"
"Best Time to Visit Osaka - 30 Year Weather Analysis","https://30yearweather.com/pinterest/osaka.png?v=2","Best Time to Visit - Asia","Planning a Osaka trip? Based on 30 years of NASA data: âœ¨ Best: October & May ğŸŒ¡ï¸ 17-23Â°C ğŸŒ§ï¸ 28% rain  #osaka #besttimetovisit #travelplanning","https://30yearweather.com/osaka?utm_source=pinterest&utm_medium=pin&utm_campaign=bulk","osaka, besttimetovisit, travelplanning"
"Best Time to Visit Phuket - 30 Year Weather Analysis","https://30yearweather.com/pinterest/phuket.png?v=2","Best Time to Visit - Asia","Planning a Phuket trip? Based on 30 years of NASA data: âœ¨ Best: February & January ğŸŒ¡ï¸ 24-30Â°C ğŸŒ§ï¸ 17% rain  #phuket #besttimetovisit #travelplanning","https://30yearweather.com/phuket?utm_source=pinterest&utm_medium=pin&utm_campaign=bulk","phuket, besttimetovisit, travelplanning"
"Best Time to Visit Sapporo - 30 Year Weather Analysis","https://30yearweather.com/pinterest/sapporo.png?v=2","Best Time to Visit - Asia","Planning a Sapporo trip? Based on 30 years of NASA data: âœ¨ Best: June & September ğŸŒ¡ï¸ 15-22Â°C ğŸŒ§ï¸ 29% rain  #sapporo #besttimetovisit #travelplanning","https://30yearweather.com/sapporo?utm_source=pinterest&utm_medium=pin&utm_campaign=bulk","sapporo, besttimetovisit, travelplanning"
"Best Time to Visit Seoul - 30 Year Weather Analysis","https://30yearweather.com/pinterest/seoul.png?v=2","Best Time to Visit - Asia","Planning a Seoul trip? Based on 30 years of NASA data: âœ¨ Best: May & October ğŸŒ¡ï¸ 14-22Â°C ğŸŒ§ï¸ 17% rain  #seoul #besttimetovisit #travelplanning","https://30yearweather.com/seoul?utm_source=pinterest&utm_medium=pin&utm_campaign=bulk","seoul, besttimetovisit, travelplanning"
"Best Time to Visit Shanghai - 30 Year Weather Analysis","https://30yearweather.com/pinterest/shanghai.png?v=2","Best Time to Visit - Asia","Planning a Shanghai trip? Based on 30 years of NASA data: âœ¨ Best: October & May ğŸŒ¡ï¸ 18-25Â°C ğŸŒ§ï¸ 21% rain  #shanghai #besttimetovisit #travelplanning","https://30yearweather.com/shanghai?utm_source=pinterest&utm_medium=pin&utm_campaign=bulk","shanghai, besttimetovisit, travelplanning"
"Best Time to Visit Singapore - 30 Year Weather Analysis","https://30yearweather.com/pinterest/singapore.png?v=2","Best Time to Visit - Asia","Planning a Singapore trip? Based on 30 years of NASA data: âœ¨ Best: February & July ğŸŒ¡ï¸ 24-29Â°C ğŸŒ§ï¸ 52% rain  #singapore #besttimetovisit #travelplanning","https://30yearweather.com/singapore?utm_source=pinterest&utm_medium=pin&utm_campaign=bulk","singapore, besttimetovisit, travelplanning"
"Best Time to Visit Taipei - 30 Year Weather Analysis","https://30yearweather.com/pinterest/taipei.png?v=2","Best Time to Visit - Asia","Planning a Taipei trip? Based on 30 years of NASA data: âœ¨ Best: March & February ğŸŒ¡ï¸ 14-22Â°C ğŸŒ§ï¸ 29% rain  #taipei #besttimetovisit #travelplanning","https://30yearweather.com/taipei?utm_source=pinterest&utm_medium=pin&utm_campaign=bulk","taipei, besttimetovisit, travelplanning"
"Best Time to Visit Tashkent - 30 Year Weather Analysis","https://30yearweather.com/pinterest/tashkent.png?v=2","Best Time to Visit - Asia","Planning a Tashkent trip? Based on 30 years of NASA data: âœ¨ Best: September & May ğŸŒ¡ï¸ 22-29Â°C ğŸŒ§ï¸ 10% rain  #tashkent #besttimetovisit #travelplanning","https://30yearweather.com/tashkent?utm_source=pinterest&utm_medium=pin&utm_campaign=bulk","tashkent, besttimetovisit, travelplanning"
"Best Time to Visit Tokyo - 30 Year Weather Analysis","https://30yearweather.com/pinterest/tokyo.png?v=2","Best Time to Visit - Asia","Planning a Tokyo trip? Based on 30 years of NASA data: âœ¨ Best: October & May ğŸŒ¡ï¸ 16-22Â°C ğŸŒ§ï¸ 30% rain  #tokyo #besttimetovisit #travelplanning","https://30yearweather.com/tokyo?utm_source=pinterest&utm_medium=pin&utm_campaign=bulk","tokyo, besttimetovisit, travelplanning"