Title,Media URL,Pinterest board,Description,Link,Keywords
"Best Time to Visit Amsterdam - 30 Year Weather Analysis","https://30yearweather.com/pinterest/amsterdam.png?v=2","Best Time to Visit - Europe","Planning a Amsterdam trip? Based on 30 years of NASA data: âœ¨ Best: June & August ğŸŒ¡ï¸ 15-21Â°C ğŸŒ§ï¸ 28% rain  #amsterdam #besttimetovisit #travelplanning","https://30yearweather.com/amsterdam?utm_source=pinterest&utm_medium=pin&utm_campaign=bulk","amsterdam, besttimetovisit, travelplanning"
"Best Time to Visit Athens - 30 Year Weather Analysis","https://30yearweather.com/pinterest/athens.png?v=2","Best Time to Visit - Europe","Planning a Athens trip? Based on 30 years of NASA data: âœ¨ Best: May & October ğŸŒ¡ï¸ 18-26Â°C ğŸŒ§ï¸ 9% rain  #athens #besttimetovisit #travelplanning","https://30yearweather.com/athens?utm_source=pinterest&utm_medium=pin&utm_campaign=bulk","athens, besttimetovisit, travelplanning"
"Best Time to Visit Barcelona - 30 Year Weather Analysis","https://30yearweather.com/pinterest/barcelona.png?v=2","Best Time to Visit - Europe","Planning a Barcelona trip? Based on 30 years of NASA data: âœ¨ Best: July & June ğŸŒ¡ï¸ 20-28Â°C ğŸŒ§ï¸ 10% rain  #barcelona #besttimetovisit #travelplanning","https://30yearweather.com/barcelona?utm_source=pinterest&utm_medium=pin&utm_campaign=bulk","barcelona, besttimetovisit, travelplanning"
"Best Time to Visit Berlin - 30 Year Weather Analysis","https://30yearweather.com/pinterest/berlin.png?v=2","Best Time to Visit - Europe","Planning a Berlin trip? Based on 30 years of NASA data: âœ¨ Best: August & June ğŸŒ¡ï¸ 18-24Â°C ğŸŒ§ï¸ 21% rain  #berlin #besttimetovisit #travelplanning","https://30yearweather.com/berlin?utm_source=pinterest&utm_medium=pin&utm_campaign=bulk","berlin, besttimetovisit, travelplanning"
"Best Time to Visit Bratislava - 30 Year Weather Analysis","https://30yearweather.com/pinterest/bratislava.png?v=2","Best Time to Visit - Europe","Planning a Bratislava trip? Based on 30 years of NASA data: âœ¨ Best: August & September ğŸŒ¡ï¸ 16-26Â°C ğŸŒ§ï¸ 20% rain  #bratislava #besttimetovisit #travelplanning","https://30yearweather.com/bratislava?utm_source=pinterest&utm_medium=pin&utm_campaign=bulk","bratislava, besttimetovisit, travelplanning"
"Best Time to Visit Brussels - 30 Year Weather Analysis","https://30yearweather.com/pinterest/brussels.png?v=2","Best Time to Visit - Europe","Planning a Brussels trip? Based on 30 years of NASA data: âœ¨ Best: August & June ğŸŒ¡ï¸ 17-23Â°C ğŸŒ§ï¸ 25% rain  #brussels #besttimetovisit #travelplanning","https://30yearweather.com/brussels?utm_source=pinterest&utm_medium=pin&utm_campaign=bulk","brussels, besttimetovisit, travelplanning"
"Best Time to Visit Budapest - 30 Year Weather Analysis","https://30yearweather.com/pinterest/budapest.png?v=2","Best Time to Visit - Europe","Planning a Budapest trip? Based on 30 years of NASA data: âœ¨ Best: September & August ğŸŒ¡ï¸ 17-28Â°C ğŸŒ§ï¸ 19% rain  #budapest #besttimetovisit #travelplanning","https://30yearweather.com/budapest?utm_source=pinterest&utm_medium=pin&utm_campaign=bulk","budapest, besttimetovisit, travelplanning"
"Best Time to Visit Copenhagen - 30 Year Weather Analysis","https://30yearweather.com/pinterest/copenhagen.png?v=2","Best Time to Visit - Europe","Planning a Copenhagen trip? Based on 30 years of NASA data: âœ¨ Best: August & July ğŸŒ¡ï¸ 15-21Â°C ğŸŒ§ï¸ 26% rain  #copenhagen #besttimetovisit #travelplanning","https://30yearweather.com/copenhagen?utm_source=pinterest&utm_medium=pin&utm_campaign=bulk","copenhagen, besttimetovisit, travelplanning"
"Best Time to Visit Dublin - 30 Year Weather Analysis","https://30yearweather.com/pinterest/dublin.png?v=2","Best Time to Visit - Europe","Planning a Dublin trip? Based on 30 years of NASA data: âœ¨ Best: August & July ğŸŒ¡ï¸ 14-19Â°C ğŸŒ§ï¸ 28% rain  #dublin #besttimetovisit #travelplanning","https://30yearweather.com/dublin?utm_source=pinterest&utm_medium=pin&utm_campaign=bulk","dublin, besttimetovisit, travelplanning"
"Best Time to Visit Dubrovnik - 30 Year Weather Analysis","https://30yearweather.com/pinterest/dubrovnik.png?v=2","Best Time to Visit - Europe","Planning a Dubrovnik trip? Based on 30 years of NASA data: âœ¨ Best: July & August ğŸŒ¡ï¸ 24-29Â°C ğŸŒ§ï¸ 10% rain  #dubrovnik #besttimetovisit #travelplanning","https://30yearweather.com/dubrovnik?utm_source=pinterest&utm_medium=pin&utm_campaign=bulk","dubrovnik, besttimetovisit, travelplanning"
"Best Time to Visit Edinburgh - 30 Year Weather Analysis","https://30yearweather.com/pinterest/edinburgh.png?v=2","Best Time to Visit - Europe","Planning a Edinburgh trip? Based on 30 years of NASA data: âœ¨ Best: August & July ğŸŒ¡ï¸ 13-18Â°C ğŸŒ§ï¸ 30% rain  #edinburgh #besttimetovisit #travelplanning","https://30yearweather.com/edinburgh?utm_source=pinterest&utm_medium=pin&utm_campaign=bulk","edinburgh, besttimetovisit, travelplanning"
"Best Time to Visit Hamburg - 30 Year Weather Analysis","https://30yearweather.com/pinterest/hamburg.png?v=2","Best Time to Visit - Europe","Planning a Hamburg trip? Based on 30 years of NASA data: âœ¨ Best: August & June ğŸŒ¡ï¸ 16-23Â°C ğŸŒ§ï¸ 27% rain  #hamburg #besttimetovisit #travelplanning","https://30yearweather.com/hamburg?utm_source=pinterest&utm_medium=pin&utm_campaign=bulk","hamburg, besttimetovisit, travelplanning"
"Best Time to Visit Helsinki - 30 Year Weather Analysis","https://30yearweather.com/pinterest/helsinki.png?v=2","Best Time to Visit - Europe","Planning a Helsinki trip? Based on 30 years of NASA data: âœ¨ Best: July & August ğŸŒ¡ï¸ 14-20Â°C ğŸŒ§ï¸ 28% rain  #helsinki #besttimetovisit #travelplanning","https://30yearweather.com/helsinki?utm_source=pinterest&utm_medium=pin&utm_campaign=bulk","helsinki, besttimetovisit, travelplanning"
"Best Time to Visit Innsbruck - 30 Year Weather Analysis","https://30yearweather.com/pinterest/innsbruck.png?v=2","Best Time to Visit - Europe","Planning a Innsbruck trip? Based on 30 years of NASA data: âœ¨ Best: September & August ğŸŒ¡ï¸ 15-24Â°C ğŸŒ§ï¸ 42% rain  #innsbruck #besttimetovisit #travelplanning","https://30yearweather.com/innsbruck?utm_source=pinterest&utm_medium=pin&utm_campaign=bulk","innsbruck, besttimetovisit, travelplanning"
"Best Time to Visit Interlaken - 30 Year Weather Analysis","https://30yearweather.com/pinterest/interlaken.png?v=2","Best Time to Visit - Europe","Planning a Interlaken trip? Based on 30 years of NASA data: âœ¨ Best: August & June ğŸŒ¡ï¸ 17-23Â°C ğŸŒ§ï¸ 36% rain  #interlaken #besttimetovisit #travelplanning","https://30yearweather.com/interlaken?utm_source=pinterest&utm_medium=pin&utm_campaign=bulk","interlaken, besttimetovisit, travelplanning"
